source_list,title,year,doi,resolve_method,pdf_url,landing_url,status,file_path,note
openalex_seed_matches,Advanced monitoring of machining operations,2010,https://doi.org/10.1016/j.cirp.2010.05.010,title_search,https://escholarship.org/content/qt4h56k1ch/qt4h56k1ch.pdf?t=lfa55o,http://www.escholarship.org/uc/item/4h56k1ch,downloaded,/mnt/data/ros/session/artifacts/full_papers_pdf/2010_advanced-monitoring-of-machining-operations.pdf,existing_pdf_url:ok
openalex_seed_matches,A Novel Deep Learning Method for Intelligent Fault Diagnosis of Rotating Machinery Based on Improved CNN-SVM and Multichannel Data Fusion,2019,https://doi.org/10.3390/s19071693,title_search,https://www.mdpi.com/1424-8220/19/7/1693/pdf?version=1555049709,https://doi.org/10.3390/s19071693,downloaded,/mnt/data/ros/session/artifacts/full_papers_pdf/2019_a-novel-deep-learning-method-for-intelligent-fault-diagnosis-of-rotating-machinery-based-on-improved-cnn-svm-and-multich.pdf,existing_pdf_url:ok
openalex_seed_matches,Sensorless induction motor and permanent magnet synchronous motor drives using natural field orientation,2002,https://doi.org/10.1108/03321640210416403,title_search,,https://doi.org/10.1108/03321640210416403,failed,,exhausted_or_nonpdf
openalex_seed_matches,Fault Diagnosis and Fault-Tolerant Control of PMSM Drives–State of the Art and Future Challenges,2022,https://doi.org/10.1109/access.2022.3180153,title_search,https://ieeexplore.ieee.org/ielx7/6287639/6514899/09787503.pdf,https://doi.org/10.1109/access.2022.3180153,failed,,exhausted_or_nonpdf
openalex_seed_matches,Recent developments in sensorless and quasi‐sensorless drive,2002,https://doi.org/10.1108/03321640210416395,title_search,,https://doi.org/10.1108/03321640210416395,failed,,exhausted_or_nonpdf
openalex_seed_matches,Elimination of position sensors in switched reluctance motor drives: state of the art and future trends,2002,https://doi.org/10.1109/41.982246,title_search,,https://doi.org/10.1109/41.982246,failed,,exhausted_or_nonpdf
openalex_seed_matches,Position and Speed Control of Brushless DC Motors Using Sensorless Techniques and Application Trends,2010,https://doi.org/10.3390/s100706901,title_search,https://www.mdpi.com/1424-8220/10/7/6901/pdf?version=1403312733,https://doi.org/10.3390/s100706901,downloaded,/mnt/data/ros/session/artifacts/full_papers_pdf/2010_position-and-speed-control-of-brushless-dc-motors-using-sensorless-techniques-and-application-trends.pdf,existing_pdf_url:ok
openalex_seed_matches,Direct Torque Control of Multiphase Doubly Converter-fed Asynchronous Machines Incorporating the Harmonic Torques,2018,https://doi.org/10.25046/aj030405,title_search,https://astesj.com/?smd_process_download=1&download_id=4285,https://doi.org/10.25046/aj030405,downloaded,/mnt/data/ros/session/artifacts/full_papers_pdf/2018_direct-torque-control-of-multiphase-doubly-converter-fed-asynchronous-machines-incorporating-the-harmonic-torques.pdf,existing_pdf_url:ok
openalex_seed_matches,Artificial Intelligence Based MPPT Techniques for Solar Power System: A review,2020,https://doi.org/10.35833/mpce.2020.000159,title_search,https://ieeexplore.ieee.org/ielx7/8685265/9275608/09237072.pdf,https://doi.org/10.35833/mpce.2020.000159,downloaded,/mnt/data/ros/session/artifacts/full_papers_pdf/2020_artificial-intelligence-based-mppt-techniques-for-solar-power-system-a-review.pdf,existing_pdf_url:ok
openalex_seed_matches,A Neural-Network-Based Model Predictive Control of Three-Phase Inverter With an Output $LC$ Filter,2019,https://doi.org/10.1109/access.2019.2938220,title_search,https://ieeexplore.ieee.org/ielx7/6287639/8600701/08819887.pdf,https://doi.org/10.1109/access.2019.2938220,downloaded,/mnt/data/ros/session/artifacts/full_papers_pdf/2019_a-neural-network-based-model-predictive-control-of-three-phase-inverter-with-an-output-lc-filter.pdf,existing_pdf_url:ok
openalex_seed_matches,"A wind turbine sensorless automatic control systems, analysis, modelling and development of IDA-PBC method",2020,https://doi.org/10.11591/ijpeds.v11.i1.pp45-55,title_search,http://ijpeds.iaescore.com/index.php/IJPEDS/article/download/20081/12973,https://doi.org/10.11591/ijpeds.v11.i1.pp45-55,downloaded,/mnt/data/ros/session/artifacts/full_papers_pdf/2020_a-wind-turbine-sensorless-automatic-control-systems-analysis-modelling-and-development-of-ida-pbc-method.pdf,ok
openalex_seed_matches,Fuzzy logic based collision avoidance for a mobile robot,1994,https://doi.org/10.1017/s0263574700016866,title_search,,https://doi.org/10.1017/s0263574700016866,failed,,exhausted_or_nonpdf
openalex_seed_matches,Dynamic State Estimation for Power System Control and Protection,2021,https://doi.org/10.1109/tpwrs.2021.3079395,title_search,https://vtechworks.lib.vt.edu/bitstreams/95c735ba-ea43-4738-884e-7adaa56bbe0f/download,https://hdl.handle.net/10919/117619,downloaded,/mnt/data/ros/session/artifacts/full_papers_pdf/2021_dynamic-state-estimation-for-power-system-control-and-protection.pdf,ok
openalex_seed_matches,Real time control of multi-agent mobile robots with intelligent collision avoidance system,2013,,title_search,,https://pure.hud.ac.uk/en/publications/real-time-control-of-multi-agent-mobile-robots-with-intelligent-c,downloaded,/mnt/data/ros/session/artifacts/full_papers_pdf/2013_real-time-control-of-multi-agent-mobile-robots-with-intelligent-collision-avoidance-system.pdf,already_exists
openalex_seed_matches,Intelligent Collision Avoidance for Multi Agent Mobile Robots,2014,https://doi.org/10.1007/978-3-319-04702-7_17,title_search,,https://doi.org/10.1007/978-3-319-04702-7_17,downloaded,/mnt/data/ros/session/artifacts/full_papers_pdf/2014_intelligent-collision-avoidance-for-multi-agent-mobile-robots.pdf,already_exists
openalex_seed_matches,A Novel Control-Navigation System- Based Adaptive Optimal Controller &amp; EKF Localization of DDMR,2015,https://doi.org/10.14569/ijarai.2015.040504,title_search,http://thesai.org/Downloads/IJARAI/Volume4No5/Paper_4-A_Novel_Control_Navigation_System_Based_Adaptive_Optimal_Controller_EKF_Localization_of_DDMR.pdf,https://doi.org/10.14569/ijarai.2015.040504,downloaded,/mnt/data/ros/session/artifacts/full_papers_pdf/2015_a-novel-control-navigation-system-based-adaptive-optimal-controller-amp-ekf-localization-of-ddmr.pdf,ok
openalex_seed_matches,Integral Lqr-Based 6dof Autonomous Quadrocopter Balancing System Control,2015,https://doi.org/10.14569/ijarai.2015.040502,title_search,http://thesai.org/Downloads/IJARAI/Volume4No5/Paper_2-Integral_Lqr-Based_6dof_Autonomous_Quadrocopter_Balancing_System_Control.pdf,https://doi.org/10.14569/ijarai.2015.040502,downloaded,/mnt/data/ros/session/artifacts/full_papers_pdf/2015_integral-lqr-based-6dof-autonomous-quadrocopter-balancing-system-control.pdf,ok
openalex_seed_matches,Design and implementation of auto car driving system with collision avoidance,2018,https://doi.org/10.1080/23311916.2018.1485458,title_search,,https://doi.org/10.1080/23311916.2018.1485458,failed,,exhausted_or_nonpdf
openalex_seed_matches,Trajectory Tracking Control of a Quadcopter UAV Using Nonlinear Control,2018,https://doi.org/10.1007/978-3-319-89911-4_20,title_search,,https://doi.org/10.1007/978-3-319-89911-4_20,failed,,exhausted_or_nonpdf
openalex_seed_matches,UKF-based enhancement and ROS implementation of 4-WDDMR localization with advanced control system,2018,https://doi.org/10.1080/23311916.2018.1481561,title_search,,https://doi.org/10.1080/23311916.2018.1481561,failed,,exhausted_or_nonpdf
openalex_seed_matches,Using the Bees Algorithm for wheeled mobile robot path planning in an indoor dynamic environment,2018,https://doi.org/10.1080/23311916.2018.1426539,title_search,,https://doi.org/10.1080/23311916.2018.1426539,failed,,exhausted_or_nonpdf
openalex_seed_matches,Advancing Neuromorphic Computing With Loihi: A Survey of Results and Outlook,2021,https://doi.org/10.1109/jproc.2021.3067593,title_search,https://ieeexplore.ieee.org/ielx7/5/9420072/09395703.pdf,https://doi.org/10.1109/jproc.2021.3067593,downloaded,/mnt/data/ros/session/artifacts/full_papers_pdf/2021_advancing-neuromorphic-computing-with-loihi-a-survey-of-results-and-outlook.pdf,existing_pdf_url:ok:https://ieeexplore.ieee.org/ielx7/5/9420072/09395703.pdf
openalex_seed_matches,Adaptive LQ-Based Computed-Torque Controller for Robotic Manipulator,2019,https://doi.org/10.1109/eiconrus.2019.8657317,title_search,,https://doi.org/10.1109/eiconrus.2019.8657317,failed,,exhausted_or_nonpdf
openalex_seed_matches,Blended Regenerative Anti-Lock Braking System and Electronic Wedge Brake Coordinate Control Ensuring Maximal Energy Recovery and Stability of All-Wheel-Motor-Drive Electric Vehicles,2023,https://doi.org/10.4236/jtts.2023.133022,title_search,http://www.scirp.org/journal/PaperDownload.aspx?paperID=126763,https://doi.org/10.4236/jtts.2023.133022,downloaded,/mnt/data/ros/session/artifacts/full_papers_pdf/2023_blended-regenerative-anti-lock-braking-system-and-electronic-wedge-brake-coordinate-control-ensuring-maximal-energy-reco.pdf,ok
openalex_latest_topic_aligned,Wireless Communication-Based Indoor Localization with Optical Initialization and Sensor Fusion,2026,https://doi.org/10.3390/s26092653,title_search,https://www.mdpi.com/1424-8220/26/9/2653/pdf?version=1777037853,https://doi.org/10.3390/s26092653,downloaded,/mnt/data/ros/session/artifacts/full_papers_pdf/2026_wireless-communication-based-indoor-localization-with-optical-initialization-and-sensor-fusion.pdf,existing_pdf_url:ok:https://www.mdpi.com/1424-8220/26/9/2653/pdf?version=1777037853
openalex_latest_topic_aligned,Analysis of Modern Approaches to Autonomous UAV Navigation,2026,https://doi.org/10.18372/1990-5548.88.20987,title_search,http://jrnl.kai.edu.ua/index.php/ESU/article/download/20987/28008,https://doi.org/10.18372/1990-5548.88.20987,failed,,exhausted_or_nonpdf
openalex_latest_topic_aligned,"Comprehensive Review of Doppler Shift Localization Methods: Advances, Limitations, and Research Opportunities",2026,,title_search,https://arxiv.org/pdf/2604.14413,https://arxiv.org/abs/2604.14413,downloaded,/mnt/data/ros/session/artifacts/full_papers_pdf/2026_comprehensive-review-of-doppler-shift-localization-methods-advances-limitations-and-research-opportunities.pdf,ok
openalex_latest_topic_aligned,Natural Gradient Gaussian Approximation Filter on Lie Groups for Robot State Estimation,2026,,title_search,https://arxiv.org/pdf/2604.10057,https://arxiv.org/abs/2604.10057,downloaded,/mnt/data/ros/session/artifacts/full_papers_pdf/2026_natural-gradient-gaussian-approximation-filter-on-lie-groups-for-robot-state-estimation.pdf,ok
openalex_latest_topic_aligned,Sensor Data Adaptive Treatment in Time-Varying UAV Medium: Approaches and Methods,2026,https://doi.org/10.48084/etasr.16045,title_search,https://etasr.com/index.php/ETASR/article/download/16045/6361,https://doi.org/10.48084/etasr.16045,downloaded,/mnt/data/ros/session/artifacts/full_papers_pdf/2026_sensor-data-adaptive-treatment-in-time-varying-uav-medium-approaches-and-methods.pdf,ok
openalex_latest_topic_aligned,MIMO OFDM-Enabled ISAC for Low-Altitude Non-Cooperative UAV Surveillance: A Survey,2026,,title_search,https://arxiv.org/pdf/2604.02680,http://arxiv.org/abs/2604.02680,downloaded,/mnt/data/ros/session/artifacts/full_papers_pdf/2026_mimo-ofdm-enabled-isac-for-low-altitude-non-cooperative-uav-surveillance-a-survey.pdf,ok
openalex_latest_topic_aligned,An Asynchronous Two-Speed Kalman Filter for Real-Time UUV Cooperative Navigation Under Acoustic Delays,2026,,title_search,https://arxiv.org/pdf/2604.02878,http://arxiv.org/abs/2604.02878,downloaded,/mnt/data/ros/session/artifacts/full_papers_pdf/2026_an-asynchronous-two-speed-kalman-filter-for-real-time-uuv-cooperative-navigation-under-acoustic-delays.pdf,ok
openalex_latest_topic_aligned,Safety Control with Adaptive Safety Sets and Belief Dynamics for LAV Under Uncertainty,2026,https://doi.org/10.3390/drones10040260,title_search,https://www.mdpi.com/2504-446X/10/4/260/pdf?version=1775225453,https://doi.org/10.3390/drones10040260,downloaded,/mnt/data/ros/session/artifacts/full_papers_pdf/2026_safety-control-with-adaptive-safety-sets-and-belief-dynamics-for-lav-under-uncertainty.pdf,existing_pdf_url:ok:https://www.mdpi.com/2504-446X/10/4/260/pdf?version=1775225453
openalex_latest_topic_aligned,Distance Constraint Ensemble Kalman Filter for Pedestrian Localization,2026,https://doi.org/10.3390/mi17040436,title_search,https://www.mdpi.com/2072-666X/17/4/436/pdf?version=1774964450,https://doi.org/10.3390/mi17040436,downloaded,/mnt/data/ros/session/artifacts/full_papers_pdf/2026_distance-constraint-ensemble-kalman-filter-for-pedestrian-localization.pdf,existing_landing:ok:https://www.mdpi.com/2072-666X/17/4/436/pdf?version=1775123838
openalex_latest_topic_aligned,Sensors in Self-Driving Vehicles: A Detailed Literature Review and New Trends,2026,https://doi.org/10.3390/s26072153,title_search,https://www.mdpi.com/1424-8220/26/7/2153/pdf?version=1774958800,https://doi.org/10.3390/s26072153,downloaded,/mnt/data/ros/session/artifacts/full_papers_pdf/2026_sensors-in-self-driving-vehicles-a-detailed-literature-review-and-new-trends.pdf,existing_pdf_url:ok:https://www.mdpi.com/1424-8220/26/7/2153/pdf?version=1774958800
openalex_latest_topic_aligned,Robot localization: a comprehensive survey from classical methods to intelligent autonomy,2026,https://doi.org/10.1007/s41315-026-00528-9,title_search,https://link.springer.com/content/pdf/10.1007/s41315-026-00528-9.pdf,https://doi.org/10.1007/s41315-026-00528-9,downloaded,/mnt/data/ros/session/artifacts/full_papers_pdf/2026_robot-localization-a-comprehensive-survey-from-classical-methods-to-intelligent-autonomy.pdf,ok
openalex_latest_topic_aligned,Meta-Adaptive Beam Search Planning for Transformer-Based Reinforcement Learning Control of UAVs with Overhead Manipulators under Flight Disturbances,2026,,title_search,https://arxiv.org/pdf/2603.26612,http://arxiv.org/abs/2603.26612,downloaded,/mnt/data/ros/session/artifacts/full_papers_pdf/2026_meta-adaptive-beam-search-planning-for-transformer-based-reinforcement-learning-control-of-uavs-with-overhead-manipulato.pdf,ok
openalex_latest_topic_aligned,Constrained 1D Localization for Downlink TDoA-Based UWB RTLS,2026,https://doi.org/10.3390/engproc2026126042,title_search,https://www.mdpi.com/2673-4591/126/1/42/pdf?version=1774596761,https://doi.org/10.3390/engproc2026126042,downloaded,/mnt/data/ros/session/artifacts/full_papers_pdf/2026_constrained-1d-localization-for-downlink-tdoa-based-uwb-rtls.pdf,existing_pdf_url:ok:https://www.mdpi.com/2673-4591/126/1/42/pdf?version=1774596761
openalex_latest_topic_aligned,Based on Non-Inertial Frame Modeling for High-Dynamic Companion Flight Control Research,2026,https://doi.org/10.54097/6650ef71,title_search,http://jceim.org/index.php/ojs/article/download/175/171,https://doi.org/10.54097/6650ef71,downloaded,/mnt/data/ros/session/artifacts/full_papers_pdf/2026_based-on-non-inertial-frame-modeling-for-high-dynamic-companion-flight-control-research.pdf,ok
openalex_latest_topic_aligned,Robust Indoor Localization for Autonomous Mobile Robots: A Review of Bayesian Sensor Fusion and SLAM Algorithms,2026,https://doi.org/10.54254/2755-2721/2026.bj32383,title_search,https://ace.ewapub.com/article/view/32383.pdf,https://doi.org/10.54254/2755-2721/2026.bj32383,downloaded,/mnt/data/ros/session/artifacts/full_papers_pdf/2026_robust-indoor-localization-for-autonomous-mobile-robots-a-review-of-bayesian-sensor-fusion-and-slam-algorithms.pdf,ok
openalex_latest_topic_aligned,Segment-Safe Control Barrier Functions for Model Predictive Control,2026,,title_search,,https://inria.hal.science/hal-05578359,failed,,exhausted_or_nonpdf
openalex_latest_topic_aligned,Contact-Robust Trajectory Planning via Parametric Sensitivity Analysis for Hybrid Robotic Systems,2026,,title_search,https://hal.science/hal-05488973/document,https://hal.science/hal-05488973,failed,,exhausted_or_nonpdf
openalex_latest_topic_aligned,Model-free sliding mode control for PMSM based on adaptive super-twisting reaching law,2026,https://doi.org/10.1038/s41598-026-50065-5,title_search,https://www.nature.com/articles/s41598-026-50065-5_reference.pdf,https://doi.org/10.1038/s41598-026-50065-5,downloaded,/mnt/data/ros/session/artifacts/full_papers_pdf/2026_model-free-sliding-mode-control-for-pmsm-based-on-adaptive-super-twisting-reaching-law.pdf,ok
openalex_latest_topic_aligned,Image-Based Visual Servoing of Quadrotor MAVs Using Model Predictive Control with Velocity Observation and State Update,2026,https://doi.org/10.3390/sym18050726,title_search,https://www.mdpi.com/2073-8994/18/5/726/pdf?version=1777036047,https://doi.org/10.3390/sym18050726,downloaded,/mnt/data/ros/session/artifacts/full_papers_pdf/2026_image-based-visual-servoing-of-quadrotor-mavs-using-model-predictive-control-with-velocity-observation-and-state-update.pdf,existing_landing:ok:https://www.mdpi.com/2073-8994/18/5/726/pdf?version=1777036047
openalex_latest_topic_aligned,Adaptive Exploration Proximal Policy Optimization for Efficient Robotic Continuous Control,2026,https://doi.org/10.3390/sym18050717,title_search,https://www.mdpi.com/2073-8994/18/5/717/pdf?version=1777015692,https://doi.org/10.3390/sym18050717,downloaded,/mnt/data/ros/session/artifacts/full_papers_pdf/2026_adaptive-exploration-proximal-policy-optimization-for-efficient-robotic-continuous-control.pdf,existing_pdf_url:ok:https://www.mdpi.com/2073-8994/18/5/717/pdf?version=1777015692
openalex_latest_topic_aligned,A DUNG BEETLE OPTIMIZED MPC ALGORITHM FOR MULTI-OBJECTIVE OPTIMIZATION OF UNMANNED AGRICULTURAL VEHICLE,2026,https://doi.org/10.35633/inmateh-78-35,title_search,https://doi.org/10.35633/inmateh-78-35,https://doi.org/10.35633/inmateh-78-35,downloaded,/mnt/data/ros/session/artifacts/full_papers_pdf/2026_a-dung-beetle-optimized-mpc-algorithm-for-multi-objective-optimization-of-unmanned-agricultural-vehicle.pdf,ok
openalex_latest_topic_aligned,PREVENT-JACK: Context Steering for Swarms of Long Heavy Articulated Vehicles,2026,,title_search,https://arxiv.org/pdf/2604.21337,https://arxiv.org/abs/2604.21337,downloaded,/mnt/data/ros/session/artifacts/full_papers_pdf/2026_prevent-jack-context-steering-for-swarms-of-long-heavy-articulated-vehicles.pdf,ok
openalex_latest_topic_aligned,$H_2/H_{\infty}$ Control for Stochastic Differential Systems with Partial Observation,2026,,title_search,https://arxiv.org/pdf/2604.21799,https://arxiv.org/abs/2604.21799,downloaded,/mnt/data/ros/session/artifacts/full_papers_pdf/2026_h-2-h-infty-control-for-stochastic-differential-systems-with-partial-observation.pdf,ok
openalex_latest_topic_aligned,Research on Proximal Policy Optimization Algorithm in Path Planning for UAV-Based Vehicle Tracking,2026,https://doi.org/10.3390/drones10050319,title_search,https://www.mdpi.com/2504-446X/10/5/319/pdf?version=1776954171,https://doi.org/10.3390/drones10050319,downloaded,/mnt/data/ros/session/artifacts/full_papers_pdf/2026_research-on-proximal-policy-optimization-algorithm-in-path-planning-for-uav-based-vehicle-tracking.pdf,existing_pdf_url:ok:https://www.mdpi.com/2504-446X/10/5/319/pdf?version=1776954171
openalex_latest_topic_aligned,"A Provably Stable Geometric Bayesian Self-Healing Framework for Deep-Space Cyber-Physical Systems: SO(3) Attitude Dynamics, Multi-Physics Energy--Thermal Coupling, and Lessons from the 2025 Lunar Trailblazer Catastrophe",2026,https://doi.org/10.14293/pr2199.003447.v1,title_search,https://www.scienceopen.com/document_file/64e1e24d-e57e-4377-8b9b-c4c985bb27c8/ScienceOpenPreprint/900005.pdf,https://doi.org/10.14293/pr2199.003447.v1,downloaded,/mnt/data/ros/session/artifacts/full_papers_pdf/2026_a-provably-stable-geometric-bayesian-self-healing-framework-for-deep-space-cyber-physical-systems-so-3-attitude-dynamics.pdf,ok
openalex_latest_topic_aligned,Stability and Optimization of a Vector Thrust-Controlled Tail-Sitter UAV Based on Flight Test,2026,https://doi.org/10.3390/drones10050316,title_search,https://www.mdpi.com/2504-446X/10/5/316/pdf?version=1776871438,https://doi.org/10.3390/drones10050316,downloaded,/mnt/data/ros/session/artifacts/full_papers_pdf/2026_stability-and-optimization-of-a-vector-thrust-controlled-tail-sitter-uav-based-on-flight-test.pdf,existing_pdf_url:ok:https://www.mdpi.com/2504-446X/10/5/316/pdf?version=1776871438
openalex_latest_topic_aligned,A Systematic Review and Taxonomy of Reinforcement Learning-Model Predictive Control Integration for Linear Systems,2026,,title_search,https://arxiv.org/pdf/2604.21030,https://arxiv.org/abs/2604.21030,downloaded,/mnt/data/ros/session/artifacts/full_papers_pdf/2026_a-systematic-review-and-taxonomy-of-reinforcement-learning-model-predictive-control-integration-for-linear-systems.pdf,ok
openalex_latest_topic_aligned,Co-State Based Data Fusion and Risk Aware Filtering for Spacecraft Navigation and Hazard Prediction,2026,,title_search,https://arxiv.org/pdf/2604.20485,https://arxiv.org/abs/2604.20485,downloaded,/mnt/data/ros/session/artifacts/full_papers_pdf/2026_co-state-based-data-fusion-and-risk-aware-filtering-for-spacecraft-navigation-and-hazard-prediction.pdf,ok
openalex_latest_topic_aligned,Impact-Aware Model Predictive Control for UAV Landing on a Heaving Platform,2026,,title_search,https://arxiv.org/pdf/2604.21078,https://arxiv.org/abs/2604.21078,downloaded,/mnt/data/ros/session/artifacts/full_papers_pdf/2026_impact-aware-model-predictive-control-for-uav-landing-on-a-heaving-platform.pdf,ok
openalex_latest_topic_aligned,Deep Reinforcement Learning-Guided Bio-Inspired Active Flow Control of a Flapping-Wing Drone for Real-Time Disturbance Suppression,2026,https://doi.org/10.3390/act15050231,title_search,https://www.mdpi.com/2076-0825/15/5/231/pdf?version=1776871010,https://doi.org/10.3390/act15050231,downloaded,/mnt/data/ros/session/artifacts/full_papers_pdf/2026_deep-reinforcement-learning-guided-bio-inspired-active-flow-control-of-a-flapping-wing-drone-for-real-time-disturbance-s.pdf,existing_pdf_url:ok:https://www.mdpi.com/2076-0825/15/5/231/pdf?version=1776871010
openalex_latest_topic_aligned,Metaheuristic-Based Observer Design for Electromagnetic and Load Torque Estimation in PMSMs: A Comprehensive Review,2026,https://doi.org/10.46649/fjiece.v4.2.7a.23.9.2025,title_search,https://fjiece.atu.edu.iq/index.php/fjiece/article/download/260/137,https://doi.org/10.46649/fjiece.v4.2.7a.23.9.2025,downloaded,/mnt/data/ros/session/artifacts/full_papers_pdf/2026_metaheuristic-based-observer-design-for-electromagnetic-and-load-torque-estimation-in-pmsms-a-comprehensive-review.pdf,ok
openalex_latest_topic_aligned,Sensorless Speed Control of PMSM in the Low-Speed Region Using a Runge–Kutta Model-Based Nonlinear Gradient Observer,2026,https://doi.org/10.3390/machines14040369,title_search,https://www.mdpi.com/2075-1702/14/4/369/pdf?version=1774618107,https://doi.org/10.3390/machines14040369,downloaded,/mnt/data/ros/session/artifacts/full_papers_pdf/2026_sensorless-speed-control-of-pmsm-in-the-low-speed-region-using-a-runge-kutta-model-based-nonlinear-gradient-observer.pdf,existing_pdf_url:ok:https://www.mdpi.com/2075-1702/14/4/369/pdf?version=1774618107
openalex_latest_topic_aligned,Robust Adaptive Sensorless Control for PMLSM Based on Improved Sliding Mode Observer and Extended State Observer,2026,https://doi.org/10.3390/electronics15050984,title_search,https://www.mdpi.com/2079-9292/15/5/984/pdf,https://doi.org/10.3390/electronics15050984,downloaded,/mnt/data/ros/session/artifacts/full_papers_pdf/2026_robust-adaptive-sensorless-control-for-pmlsm-based-on-improved-sliding-mode-observer-and-extended-state-observer.pdf,existing_landing:ok:https://www.mdpi.com/2079-9292/15/5/984/pdf?version=1772192010
openalex_latest_topic_aligned,Robust control strategy for optimized IM-4S-VSI-based wind turbine simulator: Assessment for theoretical study,2026,https://doi.org/10.61435/ijred.2026.61842,title_search,https://ijred.cbiore.id/index.php/ijred/article/download/61842/pdf,https://doi.org/10.61435/ijred.2026.61842,downloaded,/mnt/data/ros/session/artifacts/full_papers_pdf/2026_robust-control-strategy-for-optimized-im-4s-vsi-based-wind-turbine-simulator-assessment-for-theoretical-study.pdf,ok
openalex_latest_topic_aligned,Online Identification of PMSM Q-Axis Apparent Inductance Using a PWM-Based Estimator,2026,https://doi.org/10.22541/au.177145209.99357759/v1,title_search,https://www.authorea.com/doi/pdf/10.22541/au.177145209.99357759,https://doi.org/10.22541/au.177145209.99357759/v1,failed,,exhausted_or_nonpdf
openalex_latest_topic_aligned,Application of advanced fault-tolerant control techniques in the design of modern electric vehicles for increased reliability: a review,2026,https://doi.org/10.1080/00051144.2026.2619804,title_search,,https://doi.org/10.1080/00051144.2026.2619804,failed,,exhausted_or_nonpdf
openalex_latest_topic_aligned,High-Performance Sensorless Control of a Dual-Inverter Doubly Fed Induction Motor for Electric Vehicle Traction Using a Sliding-Mode Observer,2026,https://doi.org/10.3390/automation7010031,title_search,https://www.mdpi.com/2673-4052/7/1/31/pdf?version=1771030259,https://doi.org/10.3390/automation7010031,downloaded,/mnt/data/ros/session/artifacts/full_papers_pdf/2026_high-performance-sensorless-control-of-a-dual-inverter-doubly-fed-induction-motor-for-electric-vehicle-traction-using-a-.pdf,existing_landing:ok:https://www.mdpi.com/2673-4052/7/1/31/pdf?version=1771030259
openalex_latest_topic_aligned,Research on the Control Algorithm for a Brushless DC Motor Based on an Adaptive Extended Kalman Filter,2026,https://doi.org/10.3390/s26031050,title_search,https://www.mdpi.com/1424-8220/26/3/1050/pdf,https://doi.org/10.3390/s26031050,downloaded,/mnt/data/ros/session/artifacts/full_papers_pdf/2026_research-on-the-control-algorithm-for-a-brushless-dc-motor-based-on-an-adaptive-extended-kalman-filter.pdf,existing_pdf_url:ok:https://www.mdpi.com/1424-8220/26/3/1050/pdf
openalex_latest_topic_aligned,Application of the model reference adaptive system method in sensorless control for elevator drive systems using 3-Phase permanent magnet synchronous motors,2026,https://doi.org/10.11591/ijece.v16i1.pp149-157,title_search,https://ijece.iaescore.com/index.php/IJECE/article/download/38737/18617,https://doi.org/10.11591/ijece.v16i1.pp149-157,downloaded,/mnt/data/ros/session/artifacts/full_papers_pdf/2026_application-of-the-model-reference-adaptive-system-method-in-sensorless-control-for-elevator-drive-systems-using-3-phase.pdf,ok
openalex_latest_topic_aligned,Chattering Suppression in Sensorless Control of Five-Phase Induction Motors Using an Improved Reaching Law,2026,https://doi.org/10.3390/electronics15020361,title_search,https://www.mdpi.com/2079-9292/15/2/361/pdf?version=1768376866,https://doi.org/10.3390/electronics15020361,downloaded,/mnt/data/ros/session/artifacts/full_papers_pdf/2026_chattering-suppression-in-sensorless-control-of-five-phase-induction-motors-using-an-improved-reaching-law.pdf,existing_pdf_url:ok:https://www.mdpi.com/2079-9292/15/2/361/pdf?version=1768376866
openalex_latest_topic_aligned,A Sensorless Control of PMSM Using Hybrid Fuzzy-Logic Adaptive Sliding Mode Approach,2026,https://doi.org/10.1587/transele.2025ecp5076,title_search,https://www.jstage.jst.go.jp/article/transele/advpub/0/advpub_2025ECP5076/_pdf,https://doi.org/10.1587/transele.2025ecp5076,downloaded,/mnt/data/ros/session/artifacts/full_papers_pdf/2026_a-sensorless-control-of-pmsm-using-hybrid-fuzzy-logic-adaptive-sliding-mode-approach.pdf,ok:https://www.jstage.jst.go.jp/article/transele/advpub/0/advpub_2025ECP5076/_pdf
openalex_latest_topic_aligned,Speed‐Sensorless Model‐Free Predictive Torque Control for Induction Motor Drive,2026,https://doi.org/10.1049/elp2.70146,title_search,https://onlinelibrary.wiley.com/doi/pdfdirect/10.1049/elp2.70146,https://doi.org/10.1049/elp2.70146,failed,,exhausted_or_nonpdf
openalex_latest_topic_aligned,Sistem Kendali Kecepatan Motor Arus Searah tanpa Sensor Kecepatan dengan Observer Metode R,2025,https://doi.org/10.31544/jtera.v10.i2.2025.27-34,title_search,,https://doi.org/10.31544/jtera.v10.i2.2025.27-34,failed,,exhausted_or_nonpdf
openalex_latest_topic_aligned,Design of a Speed Sensorless Control System on a DC Motor using a PID Controller,2025,https://doi.org/10.24071/ijasst.v7i2.13271,title_search,https://e-journal.usd.ac.id/index.php/IJASST/article/download/13271/5025,https://doi.org/10.24071/ijasst.v7i2.13271,downloaded,/mnt/data/ros/session/artifacts/full_papers_pdf/2025_design-of-a-speed-sensorless-control-system-on-a-dc-motor-using-a-pid-controller.pdf,ok
openalex_latest_topic_aligned,Sensor fault diagnosis strategy based on rotor flux observers in three-phase induction motor drive,2025,https://doi.org/10.1038/s41598-025-29381-9,title_search,https://www.nature.com/articles/s41598-025-29381-9_reference.pdf,https://doi.org/10.1038/s41598-025-29381-9,downloaded,/mnt/data/ros/session/artifacts/full_papers_pdf/2025_sensor-fault-diagnosis-strategy-based-on-rotor-flux-observers-in-three-phase-induction-motor-drive.pdf,ok
openalex_latest_topic_aligned,Optimization of Robotic Arm Scheduling Based on Catfish Optimization Algorithm and Q-Learning,2026,https://doi.org/10.21203/rs.3.rs-9242643/v1,title_search,https://www.researchsquare.com/article/rs-9242643/latest.pdf,https://doi.org/10.21203/rs.3.rs-9242643/v1,downloaded,/mnt/data/ros/session/artifacts/full_papers_pdf/2026_optimization-of-robotic-arm-scheduling-based-on-catfish-optimization-algorithm-and-q-learning.pdf,ok
openalex_latest_topic_aligned,From Academic Theory to Management Jargon: Exploring the Evolution and Ideology of the Concept of Mindset,2026,https://doi.org/10.33423/7tmfjw02,title_search,https://articlegateway.com/index.php/AJM/article/download/8179/7728,https://doi.org/10.33423/7tmfjw02,failed,,exhausted_or_nonpdf
openalex_latest_topic_aligned,Hybrid MIRL and ACO-based Approach for Real-Time Path Planning in Visual SLAM,2026,https://doi.org/10.31449/inf.v50i11.9866,title_search,https://www.informatica.si/index.php/informatica/article/download/9866/6644,https://doi.org/10.31449/inf.v50i11.9866,downloaded,/mnt/data/ros/session/artifacts/full_papers_pdf/2026_hybrid-mirl-and-aco-based-approach-for-real-time-path-planning-in-visual-slam.pdf,ok
openalex_latest_topic_aligned,Communication-Based Social Network Search Algorithms Are Used for Numerical Optimization and Practical Applications,2026,https://doi.org/10.3390/sym18050712,title_search,https://www.mdpi.com/2073-8994/18/5/712/pdf?version=1776946585,https://doi.org/10.3390/sym18050712,downloaded,/mnt/data/ros/session/artifacts/full_papers_pdf/2026_communication-based-social-network-search-algorithms-are-used-for-numerical-optimization-and-practical-applications.pdf,retry_live_ok
openalex_latest_topic_aligned,Multi-UAV Navigation for Surveillance of Moving Ground Vehicles on Uneven Terrains via Beam-Search MPC,2026,https://doi.org/10.3390/app16094128,title_search,https://www.mdpi.com/2076-3417/16/9/4128/pdf?version=1776940874,https://doi.org/10.3390/app16094128,downloaded,/mnt/data/ros/session/artifacts/full_papers_pdf/2026_multi-uav-navigation-for-surveillance-of-moving-ground-vehicles-on-uneven-terrains-via-beam-search-mpc.pdf,retry_live_ok
openalex_latest_topic_aligned,Localization and Clustering Based on Swarm Intelligence in UAV Networks for Emergency Communications,2019,https://doi.org/10.1109/jiot.2019.2925567,title_search,,https://doi.org/10.1109/jiot.2019.2925567,failed,,exhausted_or_nonpdf
openalex_latest_topic_aligned,Dynamic-opposite learning enhanced meta-heuristic approach for solving multiple industrial optimization problems,2026,https://doi.org/10.1038/s41598-026-46614-7,title_search,https://www.nature.com/articles/s41598-026-46614-7_reference.pdf,https://doi.org/10.1038/s41598-026-46614-7,downloaded,/mnt/data/ros/session/artifacts/full_papers_pdf/2026_dynamic-opposite-learning-enhanced-meta-heuristic-approach-for-solving-multiple-industrial-optimization-problems.pdf,ok
openalex_latest_topic_aligned,Adversarial path planning for optimal CCTV surveillance: a case study on nuclear facility security optimization,2026,https://doi.org/10.1038/s41598-026-47647-8,title_search,https://www.nature.com/articles/s41598-026-47647-8.pdf,https://doi.org/10.1038/s41598-026-47647-8,downloaded,/mnt/data/ros/session/artifacts/full_papers_pdf/2026_adversarial-path-planning-for-optimal-cctv-surveillance-a-case-study-on-nuclear-facility-security-optimization.pdf,ok
openalex_latest_topic_aligned,A hybrid intelligent optimization algorithm combining weighted K-means clustering and improved ABC for optimal deployment of prehospital emergency heliports,2026,https://doi.org/10.1038/s41598-026-46331-1,title_search,https://www.nature.com/articles/s41598-026-46331-1_reference.pdf,https://doi.org/10.1038/s41598-026-46331-1,downloaded,/mnt/data/ros/session/artifacts/full_papers_pdf/2026_a-hybrid-intelligent-optimization-algorithm-combining-weighted-k-means-clustering-and-improved-abc-for-optimal-deploymen.pdf,ok
openalex_latest_topic_aligned,Clever vermin? Collective intelligence in rats and roaches,2026,https://doi.org/10.1098/rstb.2024.0441,title_search,https://royalsocietypublishing.org/rstb/article-pdf/doi/10.1098/rstb.2024.0441/6132842/rstb.2024.0441.pdf,https://doi.org/10.1098/rstb.2024.0441,failed,,exhausted_or_nonpdf
openalex_latest_topic_aligned,Optimization of Low-Altitude Vertiport Network Topology Resilience,2026,https://doi.org/10.3390/aerospace13040370,title_search,https://www.mdpi.com/2226-4310/13/4/370/pdf?version=1776253856,https://doi.org/10.3390/aerospace13040370,downloaded,/mnt/data/ros/session/artifacts/full_papers_pdf/2026_optimization-of-low-altitude-vertiport-network-topology-resilience.pdf,ok:https://www.mdpi.com/2226-4310/13/4/370/pdf?version=1776253856
openalex_latest_topic_aligned,Spherical Coordinate System-Based Fusion Path Planning Algorithm for UAVs in Complex Emergency Rescue and Civil Environments,2026,https://doi.org/10.3390/drones10040285,title_search,https://www.mdpi.com/2504-446X/10/4/285/pdf?version=1776170433,https://doi.org/10.3390/drones10040285,downloaded,/mnt/data/ros/session/artifacts/full_papers_pdf/2026_spherical-coordinate-system-based-fusion-path-planning-algorithm-for-uavs-in-complex-emergency-rescue-and-civil-environm.pdf,ok:https://www.mdpi.com/2504-446X/10/4/285/pdf?version=1776170433
openalex_latest_topic_aligned,Some progress on the use of the variational method in quantum field theory,2026,,title_search,https://arxiv.org/pdf/2604.10284,https://arxiv.org/abs/2604.10284,downloaded,/mnt/data/ros/session/artifacts/full_papers_pdf/2026_some-progress-on-the-use-of-the-variational-method-in-quantum-field-theory.pdf,ok
openalex_latest_topic_aligned,Towards Effective Forest Fire Response: A Cloud–Edge Collaborative UAV Deployment Strategy for Rapid Situational Awareness,2026,https://doi.org/10.3390/fire9040160,title_search,https://www.mdpi.com/2571-6255/9/4/160/pdf?version=1775818051,https://doi.org/10.3390/fire9040160,downloaded,/mnt/data/ros/session/artifacts/full_papers_pdf/2026_towards-effective-forest-fire-response-a-cloud-edge-collaborative-uav-deployment-strategy-for-rapid-situational-awarenes.pdf,ok:https://www.mdpi.com/2571-6255/9/4/160/pdf?version=1775818051
openalex_latest_topic_aligned,Learning-Based Fusion for Robust Multi-Spectral Visual Servoing,2026,,title_search,,https://inria.hal.science/hal-05539437,failed,,exhausted_or_nonpdf
openalex_latest_topic_aligned,Real-time Robotic Needle Insertion In Deformable and Moving Structure Using Learning-by-Example Method,2026,,title_search,https://inria.hal.science/hal-05498156/document,https://inria.hal.science/hal-05498156,failed,,exhausted_or_nonpdf
openalex_latest_topic_aligned,Off the Hamster Wheel: Rethinking Dialogue Research through a Meta-Analysis of the ACL Anthology 2024,2026,,title_search,https://hal.science/hal-05538305v1/document,https://hal.science/hal-05538305,failed,,exhausted_or_nonpdf
openalex_latest_topic_aligned,From Passive Sniffing to Active Signal Injection: Exploiting Physical Layer Vulnerabilities in 5G New Radio.,2026,,title_search,https://iris.unipa.it/bitstream/10447/704389/2/PhD_Thesis_Dino_final.pdf,https://hdl.handle.net/10447/704389,failed,,exhausted_or_nonpdf
openalex_latest_topic_aligned,A new collaborative-shared control strategy for continuous elder/robot assisted navigation,2008,https://doi.org/10.4017/gt.2008.07.02.166.00,title_search,,http://hdl.handle.net/2117/15671,downloaded,/mnt/data/ros/session/artifacts/full_papers_pdf/2008_a-new-collaborative-shared-control-strategy-for-continuous-elder-robot-assisted-navigation.pdf,ok:https://upcommons.upc.edu/bitstreams/e0ade34c-fd3b-4713-bb8e-d3505434f407/download
openalex_latest_topic_aligned,MEASE: Multi-agent Episodic Action Sequence Explanation,2026,,title_search,https://ink.library.smu.edu.sg/cgi/viewcontent.cgi?article=12082&context=sis_research,https://ink.library.smu.edu.sg/sis_research/11081,failed,,exhausted_or_nonpdf
openalex_latest_topic_aligned,Adversarial Heterogeneous Agent Learning for Robotic Systems: A Framework for Coordinated Competitive Behaviors,2026,,title_search,https://digitalcommons.usu.edu/context/etd2023/article/1711/viewcontent/COMSetd2026May_Allred_Christopher.pdf,https://digitalcommons.usu.edu/etd2023/702,failed,,exhausted_or_nonpdf
openalex_latest_topic_aligned,Human brain data: a valuable and open-ended resource for artificial intelligence,2026,https://doi.org/10.3389/fnhum.2026.1808115,title_search,https://www.frontiersin.org/journals/human-neuroscience/articles/10.3389/fnhum.2026.1808115/pdf,https://doi.org/10.3389/fnhum.2026.1808115,downloaded,/mnt/data/ros/session/artifacts/full_papers_pdf/2026_human-brain-data-a-valuable-and-open-ended-resource-for-artificial-intelligence.pdf,ok
openalex_latest_topic_aligned,"Internet of Things (IoT) Security Intelligence: A Comprehensive Overview, Machine Learning Solutions and Research Directions",2022,https://doi.org/10.1007/s11036-022-01937-3,title_search,,https://doi.org/10.1007/s11036-022-01937-3,failed,,exhausted_or_nonpdf
openalex_latest_topic_aligned,Safeguarding the skies: the rise of machine learning approaches for cyberattack detection in unmanned aerial systems,2026,https://doi.org/10.1186/s42400-025-00466-2,title_search,https://link.springer.com/content/pdf/10.1186/s42400-025-00466-2.pdf,https://doi.org/10.1186/s42400-025-00466-2,downloaded,/mnt/data/ros/session/artifacts/full_papers_pdf/2026_safeguarding-the-skies-the-rise-of-machine-learning-approaches-for-cyberattack-detection-in-unmanned-aerial-systems.pdf,ok
openalex_latest_topic_aligned,Proceedings of the XVII International Scientific and Practical Conference,2024,https://doi.org/10.46299/isg.2024.1.17,title_search,,https://doi.org/10.46299/isg.2024.1.17,downloaded,/mnt/data/ros/session/artifacts/full_papers_pdf/2024_proceedings-of-the-xvii-international-scientific-and-practical-conference.pdf,ok:https://isg-konf.com/wp-content/uploads/2024/04/THE-LATEST-TECHNOLOGIES-IN-THE-DEVELOPMENT-OF-SCIENCE-BUSINESS-AND-EDUCATION.pdf
openalex_latest_topic_aligned,"A Low-cost ""Plant-Scanner"" Platform for Automated Detection of  Ustilago Maydis Infection in Maize Using Deep Learning",2026,https://doi.org/10.21203/rs.3.rs-8667319/v1,title_search,https://www.researchsquare.com/article/rs-8667319/latest.pdf,https://doi.org/10.21203/rs.3.rs-8667319/v1,downloaded,/mnt/data/ros/session/artifacts/full_papers_pdf/2026_a-low-cost-plant-scanner-platform-for-automated-detection-of-ustilago-maydis-infection-in-maize-using-deep-learning.pdf,ok
openalex_latest_topic_aligned,L-System Genetic Encoding for Scalable Neural Network Evolution: A Comparison with Direct Matrix Encoding,2026,https://doi.org/10.48550/arxiv.2604.22000,title_search,,https://doi.org/10.48550/arxiv.2604.22000,failed,,exhausted_or_nonpdf
openalex_latest_topic_aligned,Modern Control Meets Machine Learning: A Review and Taxonomy of Synergistic Approaches for Robotics Applications,2026,https://doi.org/10.3390/act15050235,title_search,,https://doi.org/10.3390/act15050235,downloaded,/mnt/data/ros/session/artifacts/full_papers_pdf/2026_modern-control-meets-machine-learning-a-review-and-taxonomy-of-synergistic-approaches-for-robotics-applications.pdf,ok:https://www.mdpi.com/2076-0825/15/5/235/pdf?version=1777288781
openalex_latest_topic_aligned,"Internet of Things: A Survey on Enabling Technologies, Protocols, and Applications",2015,https://doi.org/10.1109/comst.2015.2444095,title_search,https://ieeexplore.ieee.org/ielx7/9739/7331734/07123563.pdf,https://doi.org/10.1109/comst.2015.2444095,failed,,exhausted_or_nonpdf
openalex_latest_topic_aligned,Power Hardware-in-the-Loop–Based Module for the Emulation of Electric Power Distribution Systems,2026,,title_search,https://noesis.uis.edu.co/bitstreams/d7a5b413-a5e4-46a7-bd0c-074a82d447d8/download,https://noesis.uis.edu.co/handle/20.500.14071/47278,downloaded,/mnt/data/ros/session/artifacts/full_papers_pdf/2026_power-hardware-in-the-loop-based-module-for-the-emulation-of-electric-power-distribution-systems.pdf,ok
openalex_latest_topic_aligned,Multi-Camera Simultaneous Localization and Mapping for Unmanned Systems: A Survey,2026,https://doi.org/10.3390/electronics15030602,title_search,https://www.mdpi.com/2079-9292/15/3/602/pdf?version=1769697818,https://doi.org/10.3390/electronics15030602,downloaded,/mnt/data/ros/session/artifacts/full_papers_pdf/2026_multi-camera-simultaneous-localization-and-mapping-for-unmanned-systems-a-survey.pdf,ok:https://www.mdpi.com/2079-9292/15/3/602/pdf?version=1769697818
openalex_latest_topic_aligned,"Optimization of Compressor Preheating to Increase Efficiency, Comfort, and Lifespan",2025,https://doi.org/10.3390/technologies13120590,title_search,https://www.mdpi.com/2227-7080/13/12/590/pdf?version=1765792320,https://doi.org/10.3390/technologies13120590,downloaded,/mnt/data/ros/session/artifacts/full_papers_pdf/2025_optimization-of-compressor-preheating-to-increase-efficiency-comfort-and-lifespan.pdf,ok:https://www.mdpi.com/2227-7080/13/12/590/pdf?version=1765792320
openalex_latest_topic_aligned,Návrh a zprovoznění demonstračního polohovacího pracoviště s pohony pomocí frekvečních měničů siemens,2025,,title_search,https://dspace.vsb.cz/bitstreams/04217963-9c66-45e0-9ee7-5f1cafce6c22/download,http://hdl.handle.net/10084/157031,downloaded,/mnt/data/ros/session/artifacts/full_papers_pdf/2025_n-vrh-a-zprovozn-n-demonstra-n-ho-polohovac-ho-pracovi-t-s-pohony-pomoc-frekve-n-ch-m-ni-siemens.pdf,ok
openalex_latest_topic_aligned,A Review on Design and Performance Analysis of Solar Photovoltaic Water Pumping Systems Technologies,2025,https://doi.org/10.56975/ijcrt.v13i5.287100,title_search,http://www.ijcrt.org/download1.php?file=IJCRT25A5203.pdf,https://doi.org/10.56975/ijcrt.v13i5.287100,downloaded,/mnt/data/ros/session/artifacts/full_papers_pdf/2025_a-review-on-design-and-performance-analysis-of-solar-photovoltaic-water-pumping-systems-technologies.pdf,ok
openalex_latest_topic_aligned,Vector Control of AC Drives,2017,https://doi.org/10.1201/9780203734407,title_search,,https://doi.org/10.1201/9780203734407,failed,,exhausted_or_nonpdf
openalex_latest_topic_aligned,New Opportunities in Real-Time Diagnostics of Induction Machines,2024,https://doi.org/10.3390/en17133265,title_search,https://www.mdpi.com/1996-1073/17/13/3265/pdf?version=1719997317,https://doi.org/10.3390/en17133265,downloaded,/mnt/data/ros/session/artifacts/full_papers_pdf/2024_new-opportunities-in-real-time-diagnostics-of-induction-machines.pdf,ok:https://www.mdpi.com/1996-1073/17/13/3265/pdf?version=1719997317
openalex_latest_topic_aligned,Dual Mode PID Controller for Path Planning of Encoder Less Mobile Robots in Warehouse Environment,2024,https://doi.org/10.1109/access.2024.3363898,title_search,https://ieeexplore.ieee.org/ielx7/6287639/6514899/10428008.pdf,http://dx.doi.org/10.1109/access.2024.3363898,failed,,exhausted_or_nonpdf
openalex_latest_topic_aligned,Technical and environmental aspects of solar photo-voltaic water pumping systems: a comprehensive survey,2023,https://doi.org/10.2166/ws.2023.165,title_search,https://iwaponline.com/ws/article-pdf/23/7/2676/1266352/ws023072676.pdf,https://doi.org/10.2166/ws.2023.165,failed,,exhausted_or_nonpdf
openalex_latest_topic_aligned,Autonomous Drone Electronics Amplified with Pontryagin-Based Optimization,2023,https://doi.org/10.3390/electronics12112541,title_search,https://www.mdpi.com/2079-9292/12/11/2541/pdf?version=1685944807,https://doi.org/10.3390/electronics12112541,downloaded,/mnt/data/ros/session/artifacts/full_papers_pdf/2023_autonomous-drone-electronics-amplified-with-pontryagin-based-optimization.pdf,ok:https://www.mdpi.com/2079-9292/12/11/2541/pdf?version=1685944807
openalex_latest_topic_aligned,Sensorless Saliency-Based Control of Dual Induction Machines Under Dynamic Load Imbalances Using Three Current Sensors,2023,https://doi.org/10.1109/tie.2023.3241394,title_search,https://ieeexplore.ieee.org/ielx7/41/10153933/10035533.pdf,https://doi.org/10.1109/tie.2023.3241394,failed,,exhausted_or_nonpdf
crossref_latest_topic_aligned,Mobile G2C services typology: The standardized reality in Greek Municipalities,2014,https://doi.org/10.15556/ijsim.01.03.004,doi,,http://doi.org/10.15556/ijsim.01.03.004,failed,,exhausted_or_nonpdf
crossref_latest_topic_aligned,Impact d’un stage en unité spécialisée en soins palliatifs sur les représentations des étudiants en soins infirmiers. Étude qualitative au sein d’une équipe mobile de soins palliatifs,2025,https://doi.org/10.3917/spub.pr2.0061,doi,https://stm.cairn.info/article/SPUB_PR2_0061/pdf?lang=fr,https://doi.org/10.3917/spub.pr2.0061,failed,,exhausted_or_nonpdf
crossref_latest_topic_aligned,Model-free Multivariate Change Point Detection and Localization with Statistical Guarantee,2025,https://doi.org/10.5705/ss.202024.0320,doi,https://doi.org/10.5705/ss.202024.0320,https://doi.org/10.5705/ss.202024.0320,failed,,exhausted_or_nonpdf
crossref_latest_topic_aligned,Determinants of perception of youth towards mobile banking: imprint from scale construction,2025,https://doi.org/10.1504/ijef.2028.10070471,doi,,https://doi.org/10.1504/ijef.2028.10070471,failed,,exhausted_or_nonpdf
crossref_latest_topic_aligned,Dancing in the Rain: The Effectiveness of Mobile Platform for Learning Ten Qira’at,2024,https://doi.org/10.6007/ijarbss/v14-i5/21493,doi,https://hrmars.com/papers_submitted/21493/dancing-in-the-rain-the-effectiveness-of-mobile-platform-for-learning-ten-qiraat.pdf,http://dx.doi.org/10.6007/ijarbss/v14-i5/21493,downloaded,/mnt/data/ros/session/artifacts/full_papers_pdf/2024_dancing-in-the-rain-the-effectiveness-of-mobile-platform-for-learning-ten-qira-at.pdf,ok
crossref_latest_topic_aligned,An investigative strategy for the iPhone forced entry zero-click exploit for mobile espionage,2025,https://doi.org/10.1504/ijesdf.2027.10072148,doi,,https://doi.org/10.1504/ijesdf.2027.10072148,failed,,exhausted_or_nonpdf
crossref_latest_topic_aligned,Concept map-facilitated game-based learning in the mobile era: a systematic review of journal publications from 2009 to 2024,2025,https://doi.org/10.1504/ijmlo.2026.152815,title_search,,https://doi.org/10.1504/ijmlo.2026.152815,failed,,exhausted_or_nonpdf
crossref_latest_topic_aligned,Examining primary school learners awareness and readiness to utilise mobile devices for self-online learning,2026,https://doi.org/10.1504/ijmlo.2027.10076858,doi,,https://doi.org/10.1504/ijmlo.2027.10076858,downloaded,/mnt/data/ros/session/artifacts/full_papers_pdf/2026_examining-primary-school-learners-awareness-and-readiness-to-utilise-mobile-devices-for-self-online-learning.pdf,ok:https://www.inderscience.com/www/leaflet.php?filename=IJMLO_leaflet.pdf
crossref_latest_topic_aligned,Fractional observer-based model-free controller applied to a cylindrical robot,2026,https://doi.org/10.1504/ijaac.2027.10076247,doi,,https://doi.org/10.1504/ijaac.2027.10076247,failed,,exhausted_or_nonpdf
crossref_latest_topic_aligned,Adaptive state augmented backstepping control with NN approximation for 3-DOF robot under backlash like hysteresis,2026,https://doi.org/10.1504/ijaac.2027.10075794,doi,,https://doi.org/10.1504/ijaac.2027.10075794,failed,,exhausted_or_nonpdf
crossref_latest_topic_aligned,Advancements of robot-assisted language learning in the mobile era: a systematic review and bibliometric analysis,2026,https://doi.org/10.1504/ijmlo.2027.10075574,doi,,https://doi.org/10.1504/ijmlo.2027.10075574,downloaded,/mnt/data/ros/session/artifacts/full_papers_pdf/2026_advancements-of-robot-assisted-language-learning-in-the-mobile-era-a-systematic-review-and-bibliometric-analysis.pdf,ok:https://www.inderscience.com/www/leaflet.php?filename=IJMLO_leaflet.pdf
crossref_latest_topic_aligned,Enhancing English language acquisition through mobile technologies: a systematic review and meta-analysis of experimental studies,2026,https://doi.org/10.1504/ijmlo.2027.10076362,doi,,https://doi.org/10.1504/ijmlo.2027.10076362,downloaded,/mnt/data/ros/session/artifacts/full_papers_pdf/2026_enhancing-english-language-acquisition-through-mobile-technologies-a-systematic-review-and-meta-analysis-of-experimental.pdf,ok:https://www.inderscience.com/www/leaflet.php?filename=IJMLO_leaflet.pdf
crossref_latest_topic_aligned,Determinants of Engagement with Health Insurance Mobile Apps to Enhance the Quality Of Life,2025,https://doi.org/10.1504/ijams.2027.10072249,doi,,https://doi.org/10.1504/ijams.2027.10072249,failed,,exhausted_or_nonpdf
crossref_latest_topic_aligned,A Finite State Machine Model for Mitigating Mobile Money Social Engineering Attacks,2024,https://doi.org/10.1504/ijcsyse.2027.10068479,doi,,https://doi.org/10.1504/ijcsyse.2027.10068479,failed,,exhausted_or_nonpdf
crossref_latest_topic_aligned,A Network Model for a Mobile Learning Environment to Track Students' Progress,2024,https://doi.org/10.1504/ijcsyse.2027.10064743,doi,,http://doi.org/10.1504/ijcsyse.2027.10064743,failed,,exhausted_or_nonpdf
crossref_latest_topic_aligned,Advanced gain-boosted CMOS LDO regulator for enhanced load regulation in RFSoC and mobile systems,2025,https://doi.org/10.1504/ijaac.2027.10075192,doi,,https://doi.org/10.1504/ijaac.2027.10075192,downloaded,/mnt/data/ros/session/artifacts/full_papers_pdf/2025_advanced-gain-boosted-cmos-ldo-regulator-for-enhanced-load-regulation-in-rfsoc-and-mobile-systems.pdf,ok:https://www.inderscience.com/www/leaflet.php?filename=IJAAC_leaflet.pdf
crossref_latest_topic_aligned,Integrating mobile games with flipped learning to enhance word- and sentence-level strategies of classical Chinese reading,2026,https://doi.org/10.1504/ijmlo.2027.10077191,doi,,https://doi.org/10.1504/ijmlo.2027.10077191,failed,,exhausted_or_nonpdf
crossref_latest_topic_aligned,Factors influencing behavioral intention of students to adopt mobile computer supported collaborative learning (mCSCL) in resource-constrained nations: A structural equation modelling approach.,2025,https://doi.org/10.1504/ijmlo.2027.10074734,doi,,https://doi.org/10.1504/ijmlo.2027.10074734,failed,,exhausted_or_nonpdf
crossref_latest_topic_aligned,Machine Learning-Based Defect Detection and Classification for Arecanut in Vision-Guided Robot Harvesting,2025,https://doi.org/10.1504/ijiei.2027.10075234,doi,,https://doi.org/10.1504/ijiei.2027.10075234,failed,,exhausted_or_nonpdf
crossref_latest_topic_aligned,Mobile learning adoption in Nigerian universities among computer science students: the role of effort expectancy and social influence,2026,https://doi.org/10.1504/ijmlo.2027.10077740,doi,,https://doi.org/10.1504/ijmlo.2027.10077740,failed,,exhausted_or_nonpdf
crossref_latest_topic_aligned,Mouse Tracking for Web Marketing: Enhancing User Experience in Web Application Software by Measuring Self-Efficacy and Hesitation Levels,2015,https://doi.org/10.15556/ijsim.01.04.005,doi,,https://doi.org/10.15556/ijsim.01.04.005,failed,,exhausted_or_nonpdf
crossref_latest_topic_aligned,How do consumers perceive a/an logotype/emblem in the advertisements: an eye tracking study,2015,https://doi.org/10.15556/ijsim.01.04.002,doi,,https://doi.org/10.15556/ijsim.01.04.002,failed,,exhausted_or_nonpdf
crossref_latest_topic_aligned,Contour Based Real Time Multiple Object Tracking,2016,https://doi.org/10.18535/ijetst/v3i08.10,doi,,http://doi.org/10.18535/ijetst/v3i08.10,failed,,exhausted_or_nonpdf
crossref_latest_topic_aligned,Nonlinear Self-Focusing of Cosh–Gaussian Laser Beam in Relativistic Plasma with Linear Absorption,2026,https://doi.org/10.54503/0002-3035-2025-61.1-19,doi,,https://doi.org/10.54503/0002-3035-2025-61.1-19,downloaded,/mnt/data/ros/session/artifacts/full_papers_pdf/2026_nonlinear-self-focusing-of-cosh-gaussian-laser-beam-in-relativistic-plasma-with-linear-absorption.pdf,ok:https://arar.sci.am/Content/429104/download/
crossref_latest_topic_aligned,"A Non-Regular Icosahedron Geometry Satellite Form, Mirror Invested Polyhedro Heliotrope, For Optical Tracking",2019,https://doi.org/10.33140/atcp.02.02.04,doi,,https://doi.org/10.33140/atcp.02.02.04,failed,,exhausted_or_nonpdf
crossref_latest_topic_aligned,Identification and Estimation of General Nonlinear Structured Latent Factor Model for Functional Data,2026,https://doi.org/10.5705/ss.202025.0148,doi,https://doi.org/10.5705/ss.202025.0148,https://doi.org/10.5705/ss.202025.0148,failed,,exhausted_or_nonpdf
crossref_latest_topic_aligned,Nonlinear Analysis of Nodal Covariates in Network: Dimension Reduction and Clustering,2026,https://doi.org/10.5705/ss.202025.0362,doi,,https://doi.org/10.5705/ss.202025.0362,failed,,exhausted_or_nonpdf
crossref_latest_topic_aligned,Precise State-of-Charge Estimation for LIBs: A Cutting-Edge Nonlinear Model Approach with Enhanced Robustness and Reliability,2025,https://doi.org/10.1504/ijcis.2028.10073299,doi,https://doi.org/10.1504/ijcis.2028.10073299,https://doi.org/10.1504/ijcis.2028.10073299,downloaded,/mnt/data/ros/session/artifacts/full_papers_pdf/2025_precise-state-of-charge-estimation-for-libs-a-cutting-edge-nonlinear-model-approach-with-enhanced-robustness-and-reliabi.pdf,ok
crossref_latest_topic_aligned,Bubble Modeling and Tagging: a Stochastic Nonlinear Autoregression Approach,2026,https://doi.org/10.5705/ss.202025.0450,doi,https://doi.org/10.5705/ss.202025.0450,https://doi.org/10.5705/ss.202025.0450,failed,,exhausted_or_nonpdf
crossref_latest_topic_aligned,On a Flexible Generalized Model Averaging Forecasting of Nonlinear Time Series,2025,https://doi.org/10.5705/ss.202024.0371,doi,https://doi.org/10.5705/ss.202024.0371,https://doi.org/10.5705/ss.202024.0371,failed,,exhausted_or_nonpdf
crossref_latest_topic_aligned,GA-optimised fuzzy control for trajectory tracking of a 3-DOF robotic manipulator,2025,https://doi.org/10.1504/ijaac.2027.10075191,doi,,https://doi.org/10.1504/ijaac.2027.10075191,failed,,exhausted_or_nonpdf
crossref_latest_topic_aligned,Lateral Force Analysis and Deformation Detection Method for Nonlinear Underground Geotechnical Structures,2025,https://doi.org/10.1504/ijcis.2027.10072306,doi,,https://doi.org/10.1504/ijcis.2027.10072306,failed,,exhausted_or_nonpdf
crossref_latest_topic_aligned,IDESC: a hybrid ESCSO-DDPG algorithm for risk-aware UAV path planning in radar environments,2025,https://doi.org/10.1504/ijaac.2027.10074071,doi,,https://doi.org/10.1504/ijaac.2027.10074071,failed,,exhausted_or_nonpdf
crossref_latest_topic_aligned,Tracking the shift: a Delphi-based SWOT analysis of Industry 4.0 in Slovakia,2026,https://doi.org/10.1504/ijmed.2027.10075507,doi,,https://doi.org/10.1504/ijmed.2027.10075507,failed,,exhausted_or_nonpdf
crossref_latest_topic_aligned,AI-Enhanced Nonlinear Economic Modelling for Sports Systems: Linking Material Performance and Cybersecurity Risk in Insurance Cost-Benefit Analysis,2026,https://doi.org/10.1504/ijipt.2027.10076440,doi,,https://doi.org/10.1504/ijipt.2027.10076440,failed,,exhausted_or_nonpdf
crossref_latest_topic_aligned,Distributed sliding mode observer-based leader-follower synchronisation for affine nonlinear multi-agent chaotic systems with uncertain dynamics,2026,https://doi.org/10.1504/ijaac.2027.10076281,doi,,https://doi.org/10.1504/ijaac.2027.10076281,failed,,exhausted_or_nonpdf
crossref_latest_topic_aligned,Parametric optimisation of neural sliding controller for nonlinear coupling tank plant using central force optimisation algorithm,2026,https://doi.org/10.1504/ijaac.2027.10076098,doi,,https://doi.org/10.1504/ijaac.2027.10076098,failed,,exhausted_or_nonpdf
crossref_latest_topic_aligned,Solar Photovoltaic System-Fed Battery Charging with Decision-Tree-Assisted Maximum Power Point Tracking,2025,https://doi.org/10.1504/ijcis.2027.10069855,doi,,https://doi.org/10.1504/ijcis.2027.10069855,failed,,exhausted_or_nonpdf
crossref_latest_topic_aligned,End Trajectory Tracking Control of Flexible Space Manipulator based on Improved RBF Neural Network,2025,https://doi.org/10.1504/ijims.2027.10071215,doi,,https://doi.org/10.1504/ijims.2027.10071215,failed,,exhausted_or_nonpdf
crossref_latest_topic_aligned,Improved artificial neural network approach for solving constrained optimal control of nonlinear fractional-order systems,2025,https://doi.org/10.1504/ijaac.2027.10075190,doi,,https://doi.org/10.1504/ijaac.2027.10075190,failed,,exhausted_or_nonpdf
crossref_latest_topic_aligned,"Can Electric Vehicles (EVs) Drive our Smart Cities Exploring the Moderating Effect of Support Infrastructure, Model Choice-ability and Resale Value.",2026,https://doi.org/10.1504/ijams.2028.10077869,doi,,https://doi.org/10.1504/ijams.2028.10077869,failed,,exhausted_or_nonpdf
crossref_latest_topic_aligned,Modelling and optimisation of separately excited DC motor using genetic algorithm and particle swarm optimisation with comparison of PID performance indices,2026,https://doi.org/10.1504/ijpelec.2027.10077589,doi,,https://doi.org/10.1504/ijpelec.2027.10077589,failed,,exhausted_or_nonpdf
crossref_latest_topic_aligned,Untangling the puzzle: how central bank interventions drive currency hyperinflation and hamper SMEs,2024,https://doi.org/10.1504/ijbem.2027.10064406,doi,,http://dx.doi.org/10.1504/ijbem.2027.10064406,failed,,exhausted_or_nonpdf
crossref_latest_topic_aligned,"Cerebral Hemodynamics in Pediatric Abusive Head Trauma: 3 Severe Cases with Preserved Motor Cortex, Hyperperfusion, and Recovery of Mild Paralysis",2026,https://doi.org/10.2176/jns-nmc.2025-0258,doi,https://www.jstage.jst.go.jp/article/nmccrj/13/0/13_2025-0258/_pdf,https://doi.org/10.2176/jns-nmc.2025-0258,downloaded,/mnt/data/ros/session/artifacts/full_papers_pdf/2026_cerebral-hemodynamics-in-pediatric-abusive-head-trauma-3-severe-cases-with-preserved-motor-cortex-hyperperfusion-and-rec.pdf,ok
crossref_latest_topic_aligned,Design and meshing characteristics analysis of a harmonic drive three-dimensional tooth profile based on addendum modification,2026,https://doi.org/10.1016/j.cjme.2026.100288,doi,,https://doi.org/10.1016/j.cjme.2026.100288,failed,,exhausted_or_nonpdf
crossref_latest_topic_aligned,Tooth profile modification and meshing characteristics for a novel precision movable tooth drive based on logarithmic spiral,2026,https://doi.org/10.1016/j.cjme.2026.100292,doi,,https://doi.org/10.1016/j.cjme.2026.100292,failed,,exhausted_or_nonpdf
crossref_latest_topic_aligned,Can cloud computing adoption drive SME sustainability? Evidence from Nepal,2026,https://doi.org/10.1016/j.sbr.2026.100096,doi,,https://doi.org/10.1016/j.sbr.2026.100096,failed,,exhausted_or_nonpdf
crossref_latest_topic_aligned,Influence of seating position and crash-related factors on passenger injury severity in motor vehicles-involved crashes,2026,https://doi.org/10.1016/j.aftran.2026.100087,doi,,https://doi.org/10.1016/j.aftran.2026.100087,failed,,exhausted_or_nonpdf
crossref_latest_topic_aligned,Latent belief reinforcement learning for online motor imagery classification,2026,https://doi.org/10.1016/j.patcog.2026.113503,doi,,https://doi.org/10.1016/j.patcog.2026.113503,failed,,exhausted_or_nonpdf
crossref_latest_topic_aligned,Biological motion perception in social and non‑social contexts: Differential links between fine motor skills and autistic traits,2026,https://doi.org/10.1016/j.rin.2026.100023,doi,,https://doi.org/10.1016/j.rin.2026.100023,failed,,exhausted_or_nonpdf
crossref_latest_topic_aligned,RecHCA: Hierarchical Context Awareness for one-step sensorless freehand 3D ultrasound reconstruction,2026,https://doi.org/10.1016/j.patcog.2026.113718,doi,,https://doi.org/10.1016/j.patcog.2026.113718,failed,,exhausted_or_nonpdf
crossref_latest_topic_aligned,"Buffering rescue and microbial functional redundancy drive the synergy in ternary co-digestion of food waste, fallen leaves, and sewage sludge",2026,https://doi.org/10.1016/j.biombioe.2026.109429,doi,,https://doi.org/10.1016/j.biombioe.2026.109429,failed,,exhausted_or_nonpdf
crossref_latest_topic_aligned,Delivery of CDNF in collagen hydrogels modulates N-glycosylation while improving motor function in a rodent model of Parkinson's disease,2026,https://doi.org/10.1016/j.biomaterials.2026.124165,doi,,https://doi.org/10.1016/j.biomaterials.2026.124165,failed,,exhausted_or_nonpdf
crossref_latest_topic_aligned,Utilizing the Herrmann finite elements for assessing the deformation of viscoelastic solid rocket motor propellant grains,2026,https://doi.org/10.1016/j.ast.2026.112296,doi,,https://doi.org/10.1016/j.ast.2026.112296,failed,,exhausted_or_nonpdf
crossref_latest_topic_aligned,Elevational and anthropogenic gradients drive divergent assembly mechanisms of free-living and particle-attached bacterioplankton in Chinese lakes,2026,https://doi.org/10.1016/j.watbs.2025.100541,doi,,https://doi.org/10.1016/j.watbs.2025.100541,failed,,exhausted_or_nonpdf
crossref_latest_topic_aligned,Electromagnetic and Thermal Design of Partially HTS Linear Motor: Analysis of Thrust Ripple Harmonics and Thermal Optimization,2026,https://doi.org/10.1109/tasc.2026.3663729,doi,,https://doi.org/10.1109/tasc.2026.3663729,failed,,exhausted_or_nonpdf
crossref_latest_topic_aligned,Bacterial community composition and network complexity drive microbial and plant-derived carbon accumulation with long-term manure application,2026,https://doi.org/10.1016/j.still.2026.107220,doi,,https://doi.org/10.1016/j.still.2026.107220,failed,,exhausted_or_nonpdf
crossref_latest_topic_aligned,Will you trust and drive like your automated vehicle? Effects of human–vehicle driving style matching on subjective experience and subsequent manual driving,2026,https://doi.org/10.1016/j.tbs.2026.101298,doi,,https://doi.org/10.1016/j.tbs.2026.101298,failed,,exhausted_or_nonpdf
crossref_latest_topic_aligned,Joint state and parameter estimation for Anaerobic Digestion using PSO - tuned EKF based on the modified AMOCO model,2026,https://doi.org/10.1016/j.biombioe.2026.109365,doi,,https://doi.org/10.1016/j.biombioe.2026.109365,failed,,exhausted_or_nonpdf
crossref_latest_topic_aligned,Configuration innovation and unified/accurate dynamics modelling methodology for spatial multi-drive mode parallel mechanism,2026,https://doi.org/10.1016/j.apm.2026.116939,doi,,https://doi.org/10.1016/j.apm.2026.116939,failed,,exhausted_or_nonpdf
crossref_latest_topic_aligned,Study on dynamic of chemical components of Rhizoma Alismatis and Evodia rutaecarpa in their compatibility,2011,https://doi.org/10.4268/cjcmm20110212,doi,,https://doi.org/10.4268/cjcmm20110212,failed,,exhausted_or_nonpdf
crossref_latest_topic_aligned,Hospital admissions via the emergency department: implications for planning and patient flow.,2008,https://doi.org/10.12927/hcq.2013.19492,doi,,https://pubmed.ncbi.nlm.nih.gov/18326375,failed,,exhausted_or_nonpdf
crossref_latest_topic_aligned,Review. Japan’s search for a foreign policy path between China and the US,2024,https://doi.org/10.52056/9788833138282/23,doi,https://www.asiamaior.org/files/AsiaMaior2020-Reviews-Yamamoto.pdf,http://dx.doi.org/10.52056/9788833138282/23,downloaded,/mnt/data/ros/session/artifacts/full_papers_pdf/2024_review-japan-s-search-for-a-foreign-policy-path-between-china-and-the-us.pdf,ok
crossref_latest_topic_aligned,Analysis of building energy efficiency optimization design effectiveness based on multi-objective optimization algorithm,2025,https://doi.org/10.24425/ace.2025.155084,doi,http://journals.pan.pl/Content/136450/PDF-MASTER/03_2k.pdf,https://doi.org/10.24425/ace.2025.155084,downloaded,/mnt/data/ros/session/artifacts/full_papers_pdf/2025_analysis-of-building-energy-efficiency-optimization-design-effectiveness-based-on-multi-objective-optimization-algorithm.pdf,ok
crossref_latest_topic_aligned,Navigating retirement financial planning literature: a PRISMA complaint systematic approach,2025,https://doi.org/10.1504/ijef.2028.10068878,doi,,https://doi.org/10.1504/ijef.2028.10068878,failed,,exhausted_or_nonpdf
crossref_latest_topic_aligned,A Primal Dual Active Set with Continuation Algorithm for ℓ0-penalized High-dimensional Accelerated Failure Time Model,2026,https://doi.org/10.5705/ss.202025.0283,doi,https://doi.org/10.5705/ss.202025.0283,https://doi.org/10.5705/ss.202025.0283,failed,,exhausted_or_nonpdf
crossref_latest_topic_aligned,Management accounting of TQM practices on organisations performance: a moderating role of strategic planning,2026,https://doi.org/10.1504/ijbpm.2028.10076095,doi,,https://doi.org/10.1504/ijbpm.2028.10076095,failed,,exhausted_or_nonpdf
crossref_latest_topic_aligned,Bi-optimal Quantile-based Test Planning for Accelerated Degradation Test Based on Wiener Process,2026,https://doi.org/10.5705/ss.202025.0285,doi,https://doi.org/10.5705/ss.202025.0285,https://doi.org/10.5705/ss.202025.0285,failed,,exhausted_or_nonpdf
crossref_latest_topic_aligned,A Hybrid PSO - SVM Algorithm for Enhanced Nodule Classification in CT Scans: Advancing Lung Cancer Diagnosis,2026,https://doi.org/10.1504/ijims.2028.10076884,doi,,https://doi.org/10.1504/ijims.2028.10076884,failed,,exhausted_or_nonpdf
crossref_latest_topic_aligned,Tests on Dynamic Ranking,2025,https://doi.org/10.5705/ss.202024.0153,doi,https://doi.org/10.5705/ss.202024.0153,https://doi.org/10.5705/ss.202024.0153,failed,,exhausted_or_nonpdf
crossref_latest_topic_aligned,Deep Learning and Feature Optimisation Algorithm for Course Recommendation Systems,2025,https://doi.org/10.1504/ijsse.2027.10068838,doi,,https://doi.org/10.1504/ijsse.2027.10068838,failed,,exhausted_or_nonpdf
crossref_latest_topic_aligned,Technology-Based Start-Ups Mapping: a Bibliometric Study and Prospective Research Path,2025,https://doi.org/10.1504/ijte.2027.10075188,doi,,https://doi.org/10.1504/ijte.2027.10075188,failed,,exhausted_or_nonpdf
crossref_latest_topic_aligned,Phishing detection based on Harris Hawks optimisation algorithm and web-based ontology,2026,https://doi.org/10.1504/ijesdf.2027.10077337,doi,,https://doi.org/10.1504/ijesdf.2027.10077337,failed,,exhausted_or_nonpdf
crossref_latest_topic_aligned,Optimising the location of EV public charging stations in electrical distribution system using Giza Pyramid construction algorithm,2026,https://doi.org/10.1504/ijmmno.2027.10077957,doi,,https://doi.org/10.1504/ijmmno.2027.10077957,failed,,exhausted_or_nonpdf
crossref_latest_topic_aligned,A Locally Adaptive Algorithm for Multiple Testing with Network Structure,2024,https://doi.org/10.5705/ss.202024.0002,doi,https://doi.org/10.5705/ss.202024.0002,https://doi.org/10.5705/ss.202024.0002,failed,,exhausted_or_nonpdf
crossref_latest_topic_aligned,Optimising Accuracy Rate of Genomic Image Representation of Human Corona Virus Sequences for COVID-19 Detection using Modified Quantum-Based Marine Predators Algorithm,2025,https://doi.org/10.1504/ijids.2027.10070075,doi,,https://doi.org/10.1504/ijids.2027.10070075,failed,,exhausted_or_nonpdf
crossref_latest_topic_aligned,A Hybrid SSA-BBO Algorithm for the Optimisation of Multi-Layer Perceptron Training,2026,https://doi.org/10.1504/ijiei.2027.10076900,doi,,https://doi.org/10.1504/ijiei.2027.10076900,failed,,exhausted_or_nonpdf
crossref_latest_topic_aligned,Cross-Platform Music Recommendation Method and Innovation Path Based on the Internet of Things and Blockchain,2026,https://doi.org/10.1504/ijart.2027.10076014,doi,,https://doi.org/10.1504/ijart.2027.10076014,downloaded,/mnt/data/ros/session/artifacts/full_papers_pdf/2026_cross-platform-music-recommendation-method-and-innovation-path-based-on-the-internet-of-things-and-blockchain.pdf,ok:https://www.inderscience.com/www/leaflet.php?filename=IJART_leaflet.pdf
crossref_latest_topic_aligned,Big Data Clustering Analysis Based on Improved K-means Algorithm,2026,https://doi.org/10.1504/ijwet.2027.10076842,doi,,https://doi.org/10.1504/ijwet.2027.10076842,failed,,exhausted_or_nonpdf
crossref_latest_topic_aligned,Are the mosquito and vector control programs economic effective?,2018,https://doi.org/10.15556/ijsim.04.03.002,doi,,http://doi.org/10.15556/ijsim.04.03.002,failed,,exhausted_or_nonpdf
crossref_latest_topic_aligned,Theory of Planned Behaviour: the Intention-Behaviour Relationship and the Perceived Behavioural Control (PBC) Relationship with Intention and Behaviour,2015,https://doi.org/10.15556/ijsim.02.03.004,doi,,https://doi.org/10.15556/ijsim.02.03.004,failed,,exhausted_or_nonpdf
crossref_latest_topic_aligned,Learner profiles and the process of Learning in the Higher Educational Context,2015,https://doi.org/10.15556/ijiim.02.01.003,doi,,http://doi.org/10.15556/ijiim.02.01.003,failed,,exhausted_or_nonpdf
crossref_latest_topic_aligned,WEB-BASED COLLABORATIVE LEARNING AND KNOWLEDGE SHARING IN INFORMAL BUSINESS NETWORKS,2014,https://doi.org/10.15556/ijiim.01.02.002,doi,,http://doi.org/10.15556/ijiim.01.02.002,failed,,exhausted_or_nonpdf
crossref_latest_topic_aligned,Comparison of Locus of Control Behaviour Scores in Normal and Individuals with stuttering – A new way to Approach Stuttering Disorder for Speech – Language Pathologists,2016,https://doi.org/10.21276/ijchmr.2016.2.2.07,doi,https://doi.org/10.21276/ijchmr.2016.2.2.07,http://doi.org/10.21276/ijchmr.2016.2.2.07,downloaded,/mnt/data/ros/session/artifacts/full_papers_pdf/2016_comparison-of-locus-of-control-behaviour-scores-in-normal-and-individuals-with-stuttering-a-new-way-to-approach-stutteri.pdf,ok:https://assets.teepublic.com/assets/pdfs/designing-for-dtg-061ba741bd403ab1a5d84d0ed3ce584bae150e47068f0a275f72e64e8b577189.pdf
crossref_latest_topic_aligned,Availability and Utilization of Tools and Equipment for Teaching and Learning Garment Making Trade in the Senior Secondary Schools in Edo State,2016,https://doi.org/10.20431/2349-0381.0303002,doi,https://doi.org/10.20431/2349-0381.0303002,http://doi.org/10.20431/2349-0381.0303002,downloaded,/mnt/data/ros/session/artifacts/full_papers_pdf/2016_availability-and-utilization-of-tools-and-equipment-for-teaching-and-learning-garment-making-trade-in-the-senior-seconda.pdf,ok
crossref_latest_topic_aligned,We Cannot Cede Control of Weapons to Artificial Intelligence,2024,https://doi.org/10.1038/scientificamerican072077-axs4kzsdvehyqhomb7gkv,doi,,https://doi.org/10.1038/scientificamerican072077-axs4kzsdvehyqhomb7gkv,downloaded,/mnt/data/ros/session/artifacts/full_papers_pdf/2024_we-cannot-cede-control-of-weapons-to-artificial-intelligence.pdf,ok:https://armscontrolcenter.org/wp-content/uploads/2023/11/Autonomous-Weapons-Fact-Sheet.pdf
crossref_latest_topic_aligned,Machine Learning Application for SAIs,2026,https://doi.org/10.56251/watu4873,doi,,https://doi.org/10.56251/watu4873,downloaded,/mnt/data/ros/session/artifacts/full_papers_pdf/2026_machine-learning-application-for-sais.pdf,ok:https://intosaijournal.org/wp-content/uploads/issue/INTOSAI-Journal-Science-and-Technology-Q2-2023-Issue-compressed.pdf
crossref_latest_topic_aligned,Integration of Biomechanics and Digital Technology: Using Kinovea for Motion Analysis and Learning for Beginner Athletes,2025,https://doi.org/10.58524/jcss.v4i2.890,doi,,https://doi.org/10.58524/jcss.v4i2.890,failed,,exhausted_or_nonpdf
crossref_latest_topic_aligned,Generative adaptive resilience: LLM-MILP modeling and strategy generation for port vessel scheduling,2026,https://doi.org/10.1016/j.ssci.2026.107233,doi,,https://doi.org/10.1016/j.ssci.2026.107233,failed,,exhausted_or_nonpdf
crossref_latest_topic_aligned,Sparsity Learning via Structured Functional Factor Augmentation,2026,https://doi.org/10.5705/ss.202025.0205,doi,https://doi.org/10.5705/ss.202025.0205,https://doi.org/10.5705/ss.202025.0205,failed,,exhausted_or_nonpdf
crossref_latest_topic_aligned,Cyber Defense Digital Twins: A Federated Learning and Zero-Trust AI Architecture for Autonomous Threat Prediction and Response,2026,https://doi.org/10.32628/cseit251116279,doi,https://ijsrcseit.com/index.php/home/article/download/CSEIT251116279/CSEIT251116279,https://doi.org/10.32628/cseit251116279,downloaded,/mnt/data/ros/session/artifacts/full_papers_pdf/2026_cyber-defense-digital-twins-a-federated-learning-and-zero-trust-ai-architecture-for-autonomous-threat-prediction-and-res.pdf,ok
crossref_latest_topic_aligned,The Nexus of Leadership and Learning: Exploring Female Principals' Influence on the Teaching-Learning Process in Secondary Schools,2026,https://doi.org/10.55737/qjss.vii-i.26473,doi,https://qjss.com.pk/index.php/qjss/article/download/473/526,https://doi.org/10.55737/qjss.vii-i.26473,downloaded,/mnt/data/ros/session/artifacts/full_papers_pdf/2026_the-nexus-of-leadership-and-learning-exploring-female-principals-influence-on-the-teaching-learning-process-in-secondary.pdf,ok
crossref_latest_topic_aligned,Transforming Education through Technology: The Case of COVID 19 Digital Learning in Nagaland,2026,https://doi.org/10.71126/nijre.v2i1.16,doi,,https://doi.org/10.71126/nijre.v2i1.16,downloaded,/mnt/data/ros/session/artifacts/full_papers_pdf/2026_transforming-education-through-technology-the-case-of-covid-19-digital-learning-in-nagaland.pdf,ok:https://nijre.com/index.php/nijre/libraryFiles/downloadPublic/3
crossref_latest_topic_aligned,Enhancing IoT Ecosystems with Adaptive Wireless Sensor Networks: Challenges and Solutions,2025,https://doi.org/10.1504/ijcis.2028.10073768,doi,,https://doi.org/10.1504/ijcis.2028.10073768,failed,,exhausted_or_nonpdf
crossref_latest_topic_aligned,Left Ventricle Extraction Using a DENSENET-U-Net Integrated Deep Learning Approach,2026,https://doi.org/10.1504/ijims.2028.10076630,doi,,https://doi.org/10.1504/ijims.2028.10076630,failed,,exhausted_or_nonpdf
crossref_latest_topic_aligned,COVID-19 and FinTech market efficiency: a test of adaptive market hypothesis,2025,https://doi.org/10.1504/ijef.2028.10072000,doi,,https://doi.org/10.1504/ijef.2028.10072000,failed,,exhausted_or_nonpdf
crossref_latest_topic_aligned,Communication-Efficient Estimation of Regularized Smoothed Support Tensor Machine,2025,https://doi.org/10.5705/ss.202025.0109,doi,https://doi.org/10.5705/ss.202025.0109,https://doi.org/10.5705/ss.202025.0109,failed,,exhausted_or_nonpdf
crossref_latest_topic_aligned,Distributed Algorithms for High-Dimensional Statistical Inference and Structure Learning with Heterogeneous Data,2025,https://doi.org/10.5705/ss.202025.0087,doi,https://doi.org/10.5705/ss.202025.0087,https://doi.org/10.5705/ss.202025.0087,failed,,exhausted_or_nonpdf
crossref_latest_topic_aligned,Zero-Day Intrusion Detection System: Training on Small Datasets with Advanced Data Augmentation and Ensemble Learning,2025,https://doi.org/10.1504/ijims.2028.10075219,doi,,https://doi.org/10.1504/ijims.2028.10075219,failed,,exhausted_or_nonpdf
